Newspaper,Title,Link,Article Content
O Globo,Vendedora apontada como affair de Belo fala sobre relação com cantor e avisa: 'Não tenho intenção de ser famosa',{'https://oglobo.globo.com/ela/noticia/2024/09/12/vendedora-apontada-como-affair-de-belo-fala-sobre-relacao-com-cantor-e-avisa-nao-tenho-intencao-de-ser-famosa.ghtml'}," Adriana Costa, apontada como novo affair de Belo, quebrou o silêncio e falou sobre a relação com o cantor. As especulações de romance começaram em julho deste ano, quando a vendedora foi flagrada de mãos dadas com o ex-marido de Gracyanne Barbosa em um shopping de luxo na Zona Oeste do Rio de Janeiro.   Casada e mãe de dois filhos, Adriana negou qualquer tipo de envolvimento com o artista. ""O Belo é meu amigo e cliente, assim como toda a equipe dele e família também, pois todos me conhecem. Eu sou casada. Isso foi tudo uma bobeira que a mídia vendeu"", declarou ao ""BNews"". Adriana contou também como lidou com a repercussão dos rumores do suposto romance com o músico. ""Inicialmente foi um susto, pois o Belo foi brincar com paparazzi me dando a mão na foto e isso foi vendido de uma maneira maldosa. Tento não dar importância, pois não tenho intenção de ser famosa, apenas lido com esse público que são meus clientes e amigos, mas eu prefiro me manter no anonimato"", afirmou. Questionada sobre como o marido recebeu a notícia, Adriana relatou que existiu um desconforto: ""Ficou chateado como qualquer outro marido ficaria em ver sua esposa sendo apontada como namorada de um cliente. Mas, ele sabe que eu e Belo somos muito amigos, assim como sou do Alfredo também [empresário do músico], da Gracyanne e toda equipe"", concluiu."
O Globo,Amil quer investigar tentativa frustrada de venda da carteira individual para empresa polêmica,{'https://oglobo.globo.com/blogs/lauro-jardim/post/2024/09/amil-quer-investigar-tentativa-frustrada-de-venda-da-carteira-individual-para-empresa-polemica.ghtml'}," A Amil, que está sob nova gestão desde fevereiro deste ano, decidiu abrir uma auditoria para apurar todas as circunstâncias que entre o final de 2021 e início de 2022 envolveram a tentativa frustrada de venda da sua carteira de planos individuais. A decisão é a de investigar a fundo esse processo. Em abril de 2022, a ANS anulou a decisão que autorizou a transferência de carteira da Amil para a desconhecida e polêmica APS. Determinou que ela devolvesse à Amil a carteira recebida."
O Globo,"Ex-Internacional, Hugo Mallo é considerado culpado em caso de abuso sexual",{'https://oglobo.globo.com/esportes/futebol-internacional/noticia/2024/09/12/ex-internacional-hugo-mallo-e-considerado-culpado-em-caso-de-abuso-sexual.ghtml'}," O jogador espanhol Hugo Mallo, que recentemente passou pelo Internacional, foi considerado culpado de abuso sexual em um caso de quando ainda atuava no Celta de Vigo. Em 2019, o lateral apalpou uma mulher que trabalhava como mascote de uma equipe rival, e agora foi condenado ao pagamento de multa, informou, nesta quinta-feira, a justiça espanhola. Mallo, de 33 anos, que atualmente joga no clube Aris de Salônica, de Grécia, foi declarado “autor de um crime de abuso sexual”, afirma a sentença de um tribunal de Barcelona, divulgado nesta quinta-feira. Consequentemente, o defensor foi condenado a pagar uma multa de 10 euros por dia durante 20 meses e a indenizar a vítima com mil euros (R$ 6,25 mil, na cotação atual) por danos morais. O episódio em questão se deu antes do duelo entre o Espanyol e o Celta, em 24 de abril de 2019, no Estádio de Cornellà-El Prat, na Catalunha, durante a entrada dos jogadores. Como capitão do time visitante, Mallo puxou a fila e cumprimentou os atletas rivais e os mascotes do time da casa. O Espanyol conta com dois periquitos como mascote. Conforme a denúncia, o lateral cumprimentou normalmente o mascote masculino e mudou de postura diante da feminina. Segundo a sentença, Mallo passou perto da mulher, colocou as mãos sob sua fantasia e tocou em seus seios. A vítima registrou a denúncia no dia seguinte ao ocorrido. Mallo foi intimado em 10 de julho de 2019. Perante o juiz, o espanhol negou ter cometido qualquer crime, afirmou ter cumprimentado normalmente tanto os jogadores quanto os mascotes, cujo gênero disse desconhecer e acrescentou que estava focado unicamente na partida. O caso havia sido arquivado provisoriamente, mas a defesa recorreu e o Tribunal Provincial de Barcelona ordenou a reabertura do caso em maio de 2021."
O Globo,Festival de vinhos do Uruguai será no dia 26 deste mês em Laranjeiras,{'https://oglobo.globo.com/blogs/saideira/post/2024/09/festival-de-vinhos-do-uruguai-sera-no-dia-26-deste-mes-em-laranjeiras.ghtml'}," Ama os vinhos do Uruguai ou quer conhecer mais rótulos desse país vizinho? Será no dia 26 deste mês a Feira Vinhos Uruguaios Rio de Janeiro, no Salão Nobre do Clube Fluminense, em Laranjeiras. O público poderá degustar espumantes, brancos, rosés e tintos, além de vermute, nos estandes de 21 produtores.   Estão confirmados no festival: Gimenez Mendez, Familia Traversa, Montes Toscanini, Cerro del Toro, Los Cerros de San Juan, Castillo Viejo, Favretto Dragone, Compañía Uruguaya de Viños de Mar, Brisas del Este, Viña Edén, Filgueira, El Capricho, Vinicola Aurora, Toscanini e hijos e Altos de La Ballena. O ingresso dará direito a provar os vinhos disponíveis e inclui uma taça de cristal. A feira será das 18h às 21h. A venda de ingressos é pelo Sympla, no link https://www.sympla.com.br/evento/vinhos-uruguaios-no-rio-de-janeiro/2604588 até o dia 26. O preço do ingresso é R$ 109 (+ R$ 8,18 taxa), e o pagamento pode ser em até 12x de R$ 12,12. O Clube Fluminense fica na Rua Álvaro Chaves 41, Laranjeiras.    "
O Globo,Passeio pela Amazônia: escola mirim da Caprichosos de Pilares define enredo e recebe sambas,{'https://oglobo.globo.com/rio/bairros/tijuca-e-zona-norte/noticia/2024/09/12/passeio-pela-amazonia-escola-mirim-da-caprichosos-de-pilares-define-enredo-e-recebe-sambas.ghtml'}," O povo Apurinã conta que os primeiros habitantes da Região Amazônica chegaram montados em uma grande cobra marrom, cujo rastro formou o imenso rio da região. Esse conto amazônico é a base do enredo “Amarú-Mayú: um inocente passeio amazônico na Sapucaí”, recentemente definido pela Inocentes de Caprichosos de Pilares. Com o enredo estabelecido, a escola mirim agora abre inscrições para interessados em criar o samba-enredo para o carnaval 2025.   O tema foi desenvolvido pela dupla Jefferson Rocha e Marcos Paulo e é resultado de uma parceria com a escola de samba Estácio de Sá. Rocha, presidente da Inocentes de Caprichosos desde 2009, reescreveu e aprofundou a pesquisa sobre a cobra marrom, integrando elementos do folclore amazônico, como danças e lendas, além de destacar a preservação da floresta amazônica e do mico-leão-dourado. Ele enfatiza que o enredo é uma oportunidade para o público vivenciar a rica cultura amazônica, unindo-a ao carnaval carioca. — O enredo leva o público a uma viagem pela Amazônia, com referências à fauna e à flora locais, incluindo o tucunaré, a aruanã e o candiru — conta Rocha, ressaltando a importância da preservação da riqueza cultural da região.   Ele destaca que a escola promete um desfile que celebra a cultura e as lendas da Amazônia: — Vamos unir as tradições amazônicas com o carnaval carioca e mostrar no Rio de Janeiro a riqueza cultural e ambiental da região. Criada em 1991, a Inocentes de Caprichosos foi o ponto de partida para muitos talentos do carnaval. Marcela Alves, hoje primeira porta-bandeira do Salgueiro, iniciou sua trajetória na escola mirim antes de passar para a Caprichosos de Pilares. Isabela Moura, segunda porta-bandeira da Mocidade Independente de Padre Miguel, também deu seus primeiros passos na Inocentes. Além disso, Thiago Brito, que já foi intérprete da Caprichosos de Pilares, da Unidos de Bangu e da Inocentes de Belford Roxo, integrou o carro de som da Unidos da Tijuca. Rocha orgulha-se da abordagem inclusiva da Inocentes. — Temos várias alas inclusivas, com crianças e adolescentes com necessidades especiais participando ativamente. Oferecemos liberdade de escolha para que possam se integrar à bateria, como passistas ou em alas comuns — explica Rocha. A escola conta com uma ala especial chamada “Somos todos especiais”, que inclui autistas, cadeirantes e jovens com síndrome de Down. — Nossa missão é formar cidadãos conscientes e capazes de entender e respeitar seu meio — frisa Rocha. As inscrições para o samba-enredo podem ser feitas na sede da Inocentes de Caprichosos ou por meio das redes sociais até o final de setembro. Os compositores devem submeter 15 cópias da letra e uma gravação do samba, sem identificar o autor. A escolha do vencedor será feita pelos diretores e integrantes da escola, que votam sem conhecer os compositores. O samba selecionado será gravado em estúdio em outubro. A Inocentes de Caprichosos desfilará na Sapucaí na sexta-feira, 7 de março de 2025, um dia antes do Desfile das Campeãs, sendo a segunda escola a se apresentar. O desfile oficial começará às 17h, com a escola convidada Paraíso do Tuiuti entrando às 16h30."
O Globo,Monumento do Pan é revitalizado pela primeira vez,{'https://oglobo.globo.com/blogs/ancelmo-gois/post/2024/09/monumento-do-pan-e-revitalizado-pela-primeira-vez.ghtml'}," Inaugurado em julho de 2007, o Monumento ao Pan foi revitalizado pela primeira vez. Com 15 metros de altura e pesando de cinco toneladas, a escultura estava com a pintura descascando e repleta de pichações. O monumento, criado numa homenagem aos Jogos Pan-Americanos de 2007, é de Kenji Fukuda. A obra, novinha em folha, pode ser vista por quem passa pela Avenida Abelardo Bueno, a caminho do Rock in Rio."
O Globo,Rock in Rio começa nesta sexta-feira (13): o que fazer para afastar azar e ‘abrir caminhos’ nos shows,{'https://oglobo.globo.com/cultura/noticia/2024/09/12/rock-in-rio-comeca-nesta-sexta-feira-13-o-que-fazer-para-afastar-azar-e-abrir-caminhos-nos-shows.ghtml'}," Quem está se preparando para curtir o primeiro dia de Rock in Rio, na Cidade do Rock, Zona Oeste do Rio de Janeiro, é bom redobrar a sua preparação. O começo do festival ocorre justamente em uma sexta-feira (13), uma data geralmente associada ao infortúnio por pessoas supersticiosas. Mas calma. Não é preciso ficar trêmulo, ranger os dentes ou roer as unhas. Algumas recomendações podem ser seguidas pelos devotos da música, que estarão no evento.   Apesar de a data ser relacionada à má sorte, a Mãe Michelly da Cigana, uma influencer que faz sucesso no Instagram e que se tornou uma das sensitivas mais requisitadas do país, afirma que basta “se cercar de energias positivas e bons pensamentos”. Práticas assim, por si só, “afastam qualquer negatividade do nosso dia a dia”. Para o Rock in Rio, entretanto, é bom contar com uma ajuda a mais. A mãe de santo recomenda assegurar a proteção com um banho de arruda. — Quem deseja estar protegido de todos os males e garantir essa proteção durante todo o evento, faça um banho de arruda com água, do pescoço para baixo — aconselha. — E vale também levar um galho de arruda no bolso ou na carteira para a proteção. Michelly ainda dá dicas para quem deseja “abrir os caminhos no meio da multidão” a fim de conseguir um bom lugar para assistir uma apresentação. Para este caso, ela aconselha “um bom banho de folhas de louro e água morna com canela em pó, do pescoço para baixo”. — Esse banho maravilhoso atrai sorte e abre caminhos para a felicidade — completa a mãe de santo. A sensitiva ainda recomenda um outro banho, mas direcionado a quem “quer arriscar encontrar um amor no festival”. Segundo ela, é preciso caprichar com um “banho de maçã, pitangueira, pétalas de rosas vermelhas, cravo-da-índia, água morna e perfume a gosto”."
O Globo,"Após estreia em novelas, Antonio Tabet debuta no teatro e prepara filme: 'Fiz 50 anos, mas, na minha cabeça, ainda tenho 27'",{'https://oglobo.globo.com/cultura/noticia/2024/09/12/apos-estreia-em-novelas-antonio-tabet-debuta-no-teatro-e-prepara-filme-fiz-50-anos-mas-na-minha-cabeca-ainda-tenho-27.ghtml'}," Uma paixão de adolescência levou Antonio Tabet aos tablados. Há mais ou menos três décadas, o então jovem estudante, à época com 18 anos, se matriculou num curso livre de artes cênicas, na Companhia de Teatro Contemporâneo, em Botafogo, na Zona Sul do Rio de Janeiro, porque queria se aproximar de uma aluna por quem era enamorado. O amor não vingou. Mas um flerte longevo com aquele ambiente artístico se manteve no ar — e demorou a se consumar. Depois de se notabilizar (“razoavelmente tarde, aos 37 anos”, como ele avalia) na pele de figuras cômicas em esquetes do Porta dos Fundos, grupo do qual é sócio-fundador, o ex-redator publicitário e roteirista de programas televisivos e humorísticos pisa profissionalmente nos palcos, pela primeira vez, nesta quinta-feira (12). É a confirmação de uma nova fase no relacionamento sério com o ofício. — Tinha muito medo dessa história de fazer teatro. Minha vida na atuação é recente — frisa. — As pessoas não estão acostumadas a me ver ali. Mas estou confiante.   A estreia, aos 50 anos, acontece em terreno confortável. Em “Protocolo de segurança” — monólogo que ganha sessões desta quinta (12) a sábado (14) no Teatro Casa Grande, no Leblon, e aporta em São Paulo, no Teatro Gazeta, nos dias 21, 22 e 28 —, o artista dá vida a Peçanha, um dos tipos mais populares nos vídeos do Porta dos Fundos. No espetáculo com dramaturgia assinada a seis mãos (em parceria de Tabet com Gabriel Esteves e Matheus MAD) e sob direção de Daniel Nascimento, o policial de jeitão bronco, com 20 anos de carreira nas costas, é contratado para expor as instruções de segurança num teatro, antes de uma montagem de “Hamlet” protagonizada pelo ator Mateus Solano. Até que... O artista se atrasa para a sessão, e o agente desata a falar da própria vida diante da plateia, da rotina no quartel a intimidades e preferências sexuais. — Peçanha é um homem machista, racista, sexista, homofóbico, preconceituoso, corrupto e que, ao mesmo tempo, odeia tudo isso, porque sabe que se trata de crime. Ele acaba sendo um espelho de muita gente por aí — afirma o ator, constantemente abordado nas ruas pelo nome do personagem. — Se passo por um carro de polícia, os caras batem continência. É uma doideira! Tenho uma amiga que fala que o Peçanha é a verdadeira frente única: ele é adorado pela esquerda, que o enxerga como uma crítica generalizada à hipocrisia dos brasileiros, e pela direita, que vê nele um exagero e uma caricatura.   O perfil controverso do “sargento-tenente-major”, como a figura ficcional é chamada, está colado à imagem do ator há mais de uma década. Pouco antes da criação do Porta dos Fundos, Tabet deu um jeito de tirar do papel o projeto “CSI Nova Iguaçu”, paródia bem-humorada da famosa série americana policial “CSI Nova York”. A ideia do carioca era só escrever os roteiros dos episódios, disponibilizados nos sites Kibeloco, criado por ele, e Anões em Chamas. Mas o diretor Ian SBF insistiu tanto para o colega interpretar um dos policiais da trama (“Você é a cara desses agentes”, justificou, naquele período), que ele acabou cedendo. Deu no que deu — além da peça, vem aí um segundo filme inspirado no personagem, e que ainda será rodado, em coprodução do Porta com a Fábrica. Tabet, porém, não quer se restringir a um só tipo. Após estrear em novelas — ele integrou o elenco de “Elas por elas” (2023) —, o ator busca papéis fora da comédia: — Estou na melhor forma da minha vida. Fiz 50 anos, mas, na minha cabeça, ainda tenho 27. Fisicamente, também. Ando inquieto, feliz, querendo fazer coisas novas. Óbvio que há ideias que não faço mais questão de realizar, né? Não quero nem tentar cantar música sertaneja! Mas, qualquer outra coisa, estou a fim de fazer. Acho que só vou parar no dia em que ganhar um Oscar — graceja o ator. — Não que eu ache que mereça um Oscar, tá? Mas é porque já tenho um Emmy Internacional na prateleira de casa (pelo “Especial de Natal Porta dos Fundos”, Melhor Comédia de 2019). E vai que um dia o Tarantino resolve chamar um brasileiro perdido para fazer um filme? Eu topo! É provável? Nem um pouco. Impossível? Jamais."
O Globo,Por onde sai o gol: raio-x mostra como o São Paulo pode reverter vantagem do Atlético-MG na Copa do Brasil,{'https://oglobo.globo.com/esportes/futebol-2024/noticia/2024/09/12/por-onde-sai-o-gol-raio-x-mostra-como-o-sao-paulo-pode-reverter-vantagem-do-atletico-mg-na-copa-do-brasil.ghtml'}," Depois de ter sido derrotado por 1 a 0 nos minutos finais do jogo de ida, no MorumBIS, o São Paulo terá uma tarefa complicada na noite desta quinta-feira. O Tricolor paulista vai até a Arena MRV para enfrentar o Atlético-MG e tem que vencer por dois gols de diferença para sair de Belo Horizonte com a classificação para a semifinal da Copa do Brasil. A bola rola às 21h30. No jogo de ida, o São Paulo - apesar de ter saído derrotado - não teve uma atuação ruim, mas acabou cedendo a vitória ao Atlético-MG nos minutos finais, com gol de cabeça de Battaglia. Com isso, o São Paulo precisa ir para o ataque em Belo Horizonte para conseguir os dois gols de diferença para se classificar - ou de uma vitória simples para levar a disputa da vaga para os pênaltis. O GLOBO analisou todos os gols sofridos pelo Atlético-MG - 54 em 48 jogos - em busca de um padrão para mostrar as vulnerabilidades do sistema defensivo do time mineiro que podem servir como o caminho das pedras para o time de Zubeldía. Veja o levantamento: A defesa do Atlético-MG tem sido o calcanhar de aquiles de Gabriel Milito nesta temporada. Em 48 jogos na temporada, o Galo levou 48 gols, média de 1,12 gol sofrido/jogo. O principal ponto fraco da defesa, de acordo com gols analisados, são os segundos tempos de jogo. Mais da metade dos gols que o Atlético-MG sofreu foram nos 45 minutos finais de partida - 53,70%. Dentro do recorte de segundos tempos, o Galo sofre 38,89% dos gols a partir do minuto 16 da etapa final. A bola aérea também é um fator a ser explorado pelo São Paulo na Arena MRV nesta quinta-feira. O Galo tem se mostrado bastante vulnerável no jogo pelo alto nesta temporada, com 35,19% dos gols sendo levados em cruzamentos, levantamentos e escanteios na área. E por falar em aérea, a zona central da defesa atleticana pode ser um caminho a ser considerado pelo São Paulo. Dos 54 gols que o Atlético-MG levou em 2024, metade foram em finalizações no meio da área, onde os zagueiros parecem ter dificuldade de neutralizar. Atlético-MG e São Paulo medem forças nesta quinta-feira por uma vaga na semifinal da Copa do Brasil. O Galo tem a vantagem de jogar por um empate, já que venceu o jogo de ida por 1 a 0 no MorumBIS, enquanto o tricolor paulista precisa de uma vitória simples para levar o jogo para os pênaltis, e um vitória por, no mínimo, dois gols de diferença para se classificar de forma direta. O vencedor do confronto enfrenta o Vasco na semifinal."
O Globo,"Advogada tributarista, jornalista, empresária... Confira as profissões escolhidas pelas ex-Paquitas da Xuxa que sumiram da TV",{'https://oglobo.globo.com/play/noticia/2024/09/12/advogada-tributarista-jornalista-empresaria-confira-as-profissoes-escolhidas-pelas-ex-paquitas-da-xuxa-que-sumiram-da-tv.ghtml'}," Para algumas ex-Paquitas, o trabalho como assistente de palco de Xuxa foi apenas o primeiro passo de uma longa carreira artística. Nomes como Letícia Spiller, Monique Alfradique e Bianca Rinaldi, por exemplo, seguiram como atrizes, com projetos na TV, no cinema e no teatro.   Outras, no entanto, acabaram enveredando por caminhos totalmente diferentes após a experiência na televisão. Confira, na galeria abaixo, as profissões que as ex-Paquitas da Xuxa seguiram: Confira na galeria abaixo as profissões que as ex-Paquitas escolheram seguir: No Twitter: @colunaplay No Instagram: @colunaplay No Facebook: Coluna Play"
O Globo,Atriz de 'Alma gêmea' fala de mudanças no nome e de experiência com polêmico guru Osho: 'Mudou a minha vida',{'https://oglobo.globo.com/play/entrevistas/noticia/2024/09/12/carolyna-aguiar-fala-da-reprise-de-alma-gemea-de-projetos-no-teatro-e-de-experiencia-com-o-guru-indiano-osho.ghtml'}," Há quase uma década longe da TV, Carolyna Aguiar pode ser vista atualmente na reprise de “Alma Gêmea”, em que viveu a personagem Mafalda. Ela conta que se lembra com muito carinho deste trabalho: — Foi um presente participar de “Alma gêmea”. As gravações tinham um astral incrível, e a equipe e direção ofereciam muita liberdade e prazer na criação de cenas. Eu realmente adoro televisão, gostaria de voltar, mas nunca soube muito bem como entrar nesse meio. As coisas foram acontecendo.   Nos últimos anos, ela tem se dedicado mais ao teatro e, recentemente, terminou uma temporada no Rio com a peça “A Inquilina”, que estrela com Luisa Thiré. Na trama, ela vive uma mulher lésbica solitária que vai morar com uma dona de casa divorciada e igualmente sozinha. Ela conta que a produção se tornou um sucesso de público e que elas agora querem viajar pelo país com o trabalho: — Achamos que o espetáculo só falaria com mulheres de mais de 50 anos, mas, quando estreamos em São Paulo, havia grupos de pessoas da comunidade LGBT que se mobilizaram para nos assistir. Jovens quiseram que suas mães vissem uma história que fala sobre esse lugar do amor entre duas mulheres mais velhas. Falamos de solidão e sororidade. É uma comédia, mas que também toca em temas muito delicados.   A atriz vem ainda se apresentando com o monólogo “Lygia”, feito a partir dos diários da pintora e escultora Lygia Clark: — A peça inicialmente foi feita para ser apresentada em uma galeria de arte, mas acabamos adaptando para o teatro. Eu gostaria muito de levar para outras partes do país. Paralelamente aos trabalhos, Carolyna ingressou na faculdade de psicologia: — Junto com as artes cênicas, fiz vários cursos de ioga e da técnica Alexander (método de educação que melhora postura, movimento e coordenação corporal), do qual dou aulas individuais até hoje. Sempre lidei com meus atendimentos de uma maneira terapêutica, pegando casos mais sérios como, por exemplo, pessoas que têm um câncer terminal. Acho que a psicologia vai me dar mais ferramentas nesse sentido, além de enriquecer a minha carreira como atriz. Ela conta que se aproximou da técnica Alexander a partir da meditação, algo que faz parte da sua vida desde a juventude. Aos 19 anos, ela viajou para a Índia e passou 45 dias convivendo com o guru indiano Osho. Além do seu legado relacionado à meditação, o líder espiritual teve sua trajetória marcada por polêmicas. Parte delas foi contada na série documental ""Wild wild country"" (2018), da Netflix. — Os meus pais eram seguidores do Osho. No primeiro dia no centro dele foi quando ele voltou a dar palestras. Eu assisti aos últimos discursos do Osho. Ele morreu cerca de um ano depois. Fiquei completamente impactada por aquela experiência e isso mudou a minha vida para sempre em muitos sentidos. Pouco depois disso, conheci a siddha yoga, que é a linha que eu sigo até hoje. Durante sua carreira, a atriz mudou seu nome artístico mais de uma vez. Ela explica o motivo: — Eu comecei como Carol Aguiar, mas nunca conseguia estrear nada. Sempre me machucava antes da estreia e era substituída. Achei que era por causa do nome. Aí mudei para Anna de Aguiar e, a partir daí, passei a pensar só em largar tudo e ir para Índia. A carreira ia bem, mas eu não queria mais ser atriz. Foi quando conheci um numerólogo e ele falou que aquele nome não dava. Ele sugeriu Carolyna com ‘y’. Eu achei super cafona inicialmente, mas acabei topando. E deu certo. Nunca mais me machuquei e foi ficando. No Twitter: @colunaplay No Instagram: @colunaplay No Facebook: Coluna Play"
O Globo,Conheça a 'cidade utópica' no sul da França instpirada em pirâmides antigas,{'https://oglobo.globo.com/boa-viagem/noticia/2024/09/12/conheca-a-cidade-utopica-no-sul-da-franca-instpirada-em-piramides-antigas.ghtml'}," Como se constrói uma cidade do zero? Para uma resposta, talvez você deva olhar para duas metrópoles que surgiram em poucos anos durante as décadas de 1950 e 1960: Chandigarh, a cidade planejada pelo arquiteto suíço-francês Le Corbusier no norte da Índia, e Brasília, a capital expansiva do Brasil, projetada pelo urbanista Lúcio Costa e pelo arquiteto Oscar Niemeyer. Muito menos conhecida, mas inspirada pela mesma crença modernista no potencial utópico da arquitetura, está La Grande Motte, uma cidade resort de outro mundo, com torres de concreto branco curvadas que se espalham por quase 2.000 acres de antigos pântanos no sul da França.   A obra-prima do arquiteto francês de origem turca Jean Balladur, La Grande Motte começou em 1965 como uma das várias cidades resort voltadas para a classe trabalhadora, construídas pelo governo francês em resposta ao boom das férias pós-Segunda Guerra Mundial. (Mais tarde, na década, uma lei aumentou a licença de férias anual dos trabalhadores de três para quatro semanas.) Esses lugares foram concebidos como alternativas mais baratas e familiares às atrações mais glamourosas da Côte d’Azur, mais ao leste. La Grande Motte (o Grande Monte), a 40 minutos de carro a leste de Montpellier e nomeada em homenagem a uma duna de areia próxima, ofereceria acomodações acessíveis para 37.800 turistas, na forma de casas de férias, apartamentos para alugar e campings. Embora Balladur, que morreu em 2002, tenha realizado esse objetivo, sua visão foi recebida com desdém: em 1972, a revista L’Architecture d’Aujourd’hui chamou La Grande Motte de “poluição arquitetônica”. Nos 30 anos seguintes, o resort se expandiu para incluir um distrito comercial, duas escolas, uma igreja, uma prefeitura e um campo de golfe — o que lhe rendeu comparações pouco lisonjeiras com a Flórida e a Disneylândia. Mas a cidade também se tornou um modelo ideológico para futuros desenvolvimentos urbanos na França, um exemplo de como uma área supostamente inabitável — neste caso, uma que era varrida pelo vento e infestada de mosquitos — poderia se tornar o lar de uma comunidade auto-suficiente e em grande parte pacífica. Em 2010, o Ministério da Cultura da França reconheceu formalmente La Grande Motte como um lugar de “Arquitetura Contemporânea Notável”, tornando-a a primeira cidade a receber essa designação. Os blocos de apartamentos futuristas em forma de pirâmide de La Grande Motte estão dispostos ao longo de um trecho de 6 km de praia de areia e em torno de um porto artificial, sua posição e forma projetadas para mitigar o vento e os respingos de sal, proporcionando abrigo para os imensos jardins que Balladur havia plantado abaixo. O arquiteto se inspirou na estética modernista do movimento Bauhaus, nas teorias de planejamento social por trás de Brasília e no complexo residencial Cité Radieuse de Le Corbusier em Marselha e, mais surpreendentemente, nas formas simbólicas das pirâmides pré-colombianas de Teotihuacan, no México. Ele esperava criar um lugar que parecesse fora do tempo: um paraíso perdido quase tomado pela vegetação. O resultado é o que os franceses chamam de ""dépaysant"", palavra que evoca a sensação desconcertante de chegar a um lugar desconhecido. Essa qualidade é o que os fotógrafos e amigos Laurent Kronental, de 37 anos, e Charly Broyez, de 40, buscaram capturar no verão de 2020, quando começaram a documentar La Grande Motte com uma câmera de campo de grande formato. “É como descobrir um mundo paralelo no qual não sabemos se encontramos os restos de uma civilização antiga ou entramos no futuro,” diz Kronental, cujo trabalho muitas vezes foca em cidades e seus habitantes. A dupla passou mais três verões no resort, explorando de bicicleta e a pé. Muitas vezes, faziam amizade com moradores que, então, lhes davam acesso a espaços privados ou vistas de suas varandas. Durante o verão, a população da cidade aumenta dez vezes, para cerca de 90.000 — incluindo uma mistura de proprietários de segunda residência e turistas que ficam nos aluguéis e campings ainda moderadamente baratos do resort —, mas os dois evitaram enquadrar pessoas nas fotos, tirando muitas delas no que Kronental chama de “horas azuis” do dia, os momentos nebulosos pouco antes do amanhecer e do anoitecer. A primeira parte da série resultante — intitulada “La Cité Oasis” e com lançamento previsto para o próximo ano pela Editions Sur la Crête — explora o território como ele poderia ter parecido antes de ser desenvolvido: imagens mostram as cabanas remotas e improvisadas de pescadores que ainda permanecem nos estuários forrados de grama da região circundante de Camargue. Em contraste, a segunda parte do livro destaca os gestos gráficos da obra-prima de Balladur — as fachadas em forma de colmeia e as silhuetas curvas — em meio ao verde exuberante de sua paisagem. “Você tem a impressão de fazer uma jornada poética,” diz Kronental, “de estar no fim do mundo, quase marginalizado fora da sociedade, para este oásis muito moderno.” Balladur estava, argumenta Kronental, à frente de seu tempo, em parte porque sua fantasia de uma cidade imersa na natureza fazia dele um ambientalista. Ele dedicou mais de dois terços do local à vegetação, plantando espécies de árvores — incluindo pinheiros, plátanos, oliveiras, choupos e ciprestes — que podiam suportar calor, vento e respingos do mar. Ele também construiu 18 km de trilhas para pedestres que se entrelaçam pelo centro do resort, restringindo os carros às periferias. Cerca de 60 anos depois, La Grande Motte continua sendo uma das cidades mais verdes da França. “Balladur foi visionário,” diz Kronental. “Ele antecipou a cidade do amanhã.”"
O Globo,"'Queria ser como Rambo': Dieta de 16.500 calorias diárias de fisiculturista morto aos 36 anos incluía 108 sushis e 2,5 kg de carne",{'https://oglobo.globo.com/saude/noticia/2024/09/12/queria-ser-como-rambo-dieta-de-16500-calorias-diarias-de-fisiculturista-morto-aos-36-anos-incluia-108-sushis-e-25-kg-de-carne.ghtml'}," Considerado um dos fisiculturistas de maior destaque no mundo, Illia 'Golem' Yefimchyk morreu aos 36 anos depois de sofrer uma parada cardíaca, na semana passada. A informação foi confirmada pela mídia de Belarus e pela mulher dele, Anna, nesta quarta-feira. Ao longo da carreira, o homem chamou a atenção na modalidade pelo físico musculoso — 160 quilos em 1,85 metro — mas também pela maneira como mantinha a forma: ingeria diariamente 16.500 calorias, em ao menos sete refeições.   Golem chegou a ser socorrido e levado de helicóptero para um hospital, no último dia 6, mas teve a morte cerebral constatada dois dias depois. A causa e as circunstâncias do falecimento do atleta não foram detalhadas. Ele deixou a República Tcheca rumo a Miami para realizar um sonho de garoto: — Desde criança eu queria ser como Arnold Schwarzenegger e Sylvester Stallone em Rambo. E que, quando as pessoas passassem por mim, vissem um monstro. Eu queria ser tão forte quanto meus ídolos de Hollywood. Na minha pequena cidade, uma academia abriu e comecei a frequentar para me tornar o Hulk — disse numa entrevista o atleta. Segundo a revista Men's Health, Golem era capaz de levantar 272 quilos no supino e 317 quilos no levantamento terra. Em outubro do ano passado, por exemplo, o atleta viralizou ao revelar que comia 108 sushis num só dia. Na ocasião, a revista divulgou um exemplo da dieta diária típica de Golem, com comida japonesa, 2,5 quilos de carne e bastante arroz.  "
O Globo,Futebol espanhol implementa novo gesto para juízes indicarem 'incidente racista'; partidas podem ser suspensas,{'https://oglobo.globo.com/esportes/futebol-internacional/noticia/2024/09/12/futebol-espanhol-implementa-novo-gesto-para-juizes-indicarem-incidente-racista-partidas-podem-ser-suspensas.ghtml'}," A liga espanhola de futebol (La Liga) e a Real Federação Espanhola de Futebol decidiram incorporar no Protocolo de Ação sobre Incidentes Públicos um gesto para que juízes indiquem a ocorrência de um ""incidente racista"" durante as partidas de todas as suas competições. O gestual foi aprovado por unanimidade no último Congresso da Fifa, em Bangcoc, segundo o jornal Marca, numa iniciativa para impulsionar a luta contra a discriminação no esporte.   O gesto é classificado como ""global e inequívoco"". Ao notar ou saber da ocorrência de um caso de racismo durante o jogo, o juiz poderá cruzar os braços em X, com as mãos abertas. A indicação do árbitro poderá ter diferentes consequências. O árbitro poderá, inicialmente, paralisar a partida caso veja ou receba a informação de um jogador ou do coordenador de segurança sobre um incidente do tipo. Neste caso, será emitido no sistema de som um aviso de que, se o comportamento persistir, o jogo poderá ser suspenso temporariamente ou em definitivo. Segundo o Marca, o passo 2 desse protocolo é justamente a suspensão temporária da disputa, com a ida das equipes para os vestiários. O aviso do risco de suspensão definitiva do duelo será novamente reproduzida no som do estádio. Se a atitude racista não cessar, o árbitro poderá consultar o coordenador de segurança e responsáveis dos dois clubes para deliberar pela suspensão definitiva. Tal medida reforça um protocolo contra o racismo, a xenofobia e a intolerância no futebol implementado em 2005, depois da repercussão de incidentes discriminatórios, por exemplo, contra o brasileiro Vinicius Jr.   Desde que passou a sofrer racismo na Espanha, Vinicius Jr, jogador do Real Madrid, tornou-se um dos principais ativistas da causa racial no mundo do esporte. Na última semana, o brasileiro voltou a se posicionar sobre a urgência de combater esse crime no território espanhol, a ponto de ser contra a realização da Copa do Mundo no país, caso não haja mudanças até 2030. O atleta sofreu críticas de Dani Carvajal, seu colega de Real Madrid, e outros representantes do futebol espanhol pelas frases. Na ocasião, Vini Jr alertou que ainda há um longo caminho a ser percorrido para que a população e a Justiça espanhola compreendam realmente a gravidade dos atos racistas. Sobre a Copa do Mundo de 2030, ele mostrou preocupação sobre o cenário do racismo daqui a seis anos e opinou que, , caso não haja evolução no tema, a mudança de local do evento seria necessária. — Espero que a Espanha possa evoluir e compreender a gravidade que é insultar alguém por causa da cor da sua pele. Até 2030, temos uma margem de evolução muito grande. Portanto, espero que a Espanha possa evoluir e compreender a gravidade disso, porque se as coisas não evoluírem até 2030, acho que temos que mudar de local (da Copa do Mundo). Se o jogador não se sente confortável e não se sente seguro jogando em um país onde ele pode sofrer racismo, é um pouco complicado — afirma Vini Jr, em entrevista à CNN espanhola. Ao mesmo tempo que apontou a gravidade da situação, o atacante do Real disse que se coloca à disposição para colaborar no combate ao racismo na Espanha. — Quero fazer de tudo para que as coisas possam mudar. A maioria das pessoas aqui na Espanha não são racistas, mas tem um grupo pequeno que afeta a imagem de um país que é muito bom de se viver. Até 2030, os casos de racismo podem e devem diminuir. A Copa do Mundo de 2030 será disputada nas seguintes sedes: Espanha, Portugal e Marrocos. Antes de se mudar para esses países, a partida de abertura acontecerá em Montevidéu, no Uruguai, como homenagem à primeira edição, em 1930. Além disso, terá um jogo de primeira rodada tanto na Argentina quanto no Paraguai."
O Globo,Leci Brandão faz 80 anos: 'Zé do caroço' é a música mais regravada da artista; veja as outras,{'https://oglobo.globo.com/blogs/ancelmo-gois/post/2024/09/leci-brandao-faz-80-anos-ze-do-caroco-e-a-musica-mais-regravada-da-artista-veja-as-outras.ghtml'}," Uma das representantes do samba, Leci Brandão completa 80 anos de idade nesta quinta-feira, 12. Um estudo do Ecad apontou as músicas de sua autoria mais ouvidas no Brasil nos últimos cinco anos nos principais segmentos de execução pública. “Zé do caroço” foi a canção de Leci que se destacou, figurando em primeiro lugar na lista das mais regravadas e também entre as mais tocadas no país. Nesse último ranking, inclusive, ""Isso é Fundo de Quintal"" e ""Só quero te namorar"" ficaram na segunda e terceira posições. Até o momento, Leci tem 169 composições e 469 gravações cadastradas na gestão coletiva da música."
O Globo,Jean Reno contracena com pinguim em filme baseado em história real de pescador brasileiro: 'É complexo lidar com eles',{'https://oglobo.globo.com/cultura/noticia/2024/09/12/jean-reno-contracena-com-pinguim-em-filme-baseado-em-historia-real-de-pescador-brasileiro-e-complexo-lidar-com-eles.ghtml'}," Filmar no Brasil não foi a única novidade que “Meu amigo pinguim” proporcionou a Jean Reno. Conhecido por seus papéis em super produções como “Missão impossível” (1996), “Godzilla” (1998) e “A Pantera Cor-de-Rosa”(2006), o ator francês de 76 anos ganhou uma oportunidade, digamos, única. Após contracenar com astros do calibre de Tom Cruise e Robert de Niro, ele teve, pela primeira vez em sua longa e rica carreira, um pinguim como parceiro de cena.   A produção americana, que estreia nesta quinta (12) nos cinemas, é inspirada na história real de João Pereira de Souza, um pescador brasileiro que, em 2011, salvou um pinguim-de-magalhães coberto de óleo em Ilha Grande (RJ). A ave ganhou o apelido de Dindim e passou a visitá-lo anualmente nos meses de migração (entre junho e dezembro), viajando oito mil quilômetros entre a Patagônia e a costa brasileira. A relação afetuosa de João e a criatura marinha ganhou a mídia internacional e teve os seus direitos comprados por produtores americanos, que convidaram o cineasta brasileiro David Schurmann, de “Pequeno segredo”, para a direção. “Meu amigo pinguim” traz Jean Reno como João Pereira e tem como cenários os belos panoramas de Ubatuba (locação escolhida pela semelhança com Ilha Grande). O ponto alto do filme, é claro, são as cenas fofas de Dindim com o ator. Mesmo com as complexidades técnicas que a experiência impõe, o francês não perdeu a sua capacidade de comover o público. — É muito curioso atuar com uma ave — admite Reno, em entrevista por Zoom, de Los Angeles. — Veja bem, é um “ator” que põe ovo! E tem todo um preparo, porque é complexo lidar com eles, quanto mais criar uma conexão em cena. Não dá para levantá-los do chão como um cachorro. Se você não pega ele do jeito certo, bem devagar, ele te dá uma bicada.   No fim deu certo, já que Dindim rouba a cena. Mas quem espera um novo fenômeno de estrelato animal na linha de Messi, o cachorro de “Anatomia de uma queda” que ganhou fãs e acompanhou a equipe do filme nos tapetes vermelhos dos festivais, poderá se decepcionar. Isso porque Dindim não é interpretado por um só pinguim, mas vários. Nada menos do que 12 “atores” do Aquário de Ubatuba e do Oceanic Aquarium, em Balneário Camboriú, foram escolhidos para o papel, após um teste de elenco que levou em consideração a personalidade de cada um dos animais. Os mais inquietos fizeram cenas movimentadas e os mais tranquilos foram escalados para interagir com os humanos, como quando Dindim dorme serenamente no peito de Jean Reno à noite.   A trama adapta a história em forma de fábula. No filme, João se isola de todos após uma tragédia familiar, que rouba sua alegria de viver. O contato com o pinguim vai tirar o pescador da depressão. Contrariando a vontade da esposa (interpretada por Adriana Barraza, atriz mexicana indicada ao Oscar), ele resgata o animal debilitado e o trata em casa. Após se recuperar, Dindim retorna para a Patagônia, encontra outros pinguins, surpreende pesquisadores por seu comportamento “anormal” e volta a visitar João a cada migração. — É uma história universal sobre um homem que está sozinho e que busca a salvação — diz Reno. — Também é um tema ecológico. Da mesma forma que o pinguim o ajuda a recuperar a alegria, ele pode nos ajudar a recuperar nosso amor pelo Planeta. Sobre o Brasil, o ator guarda apenas as boas lembranças com os profissionais da equipe: — Em geral não faço turismo nos lugares em que filmo, porque estou mergulhado na história. Ainda hoje fico triste de ter conhecido lugares tão lindos em “Imensidão azul” (longa de 1988, rodado em locações como Maldivas, Bahamas, Peru e diversas ilhas gregas) e não ter nem uma única foto. Embora seja um projeto americano com elenco internacional, a ideia dos produtores era ter um DNA brasileiro. O catarinense David Schurmann era o elemento que faltava nesse sequenciamento. Convidado para dirigir o filme quando estava em campanha nos Estados Unidos por uma indicação de seu longa “Pequeno segredo” ao Oscar de 2017, ele inicialmente cogitou um conterrâneo para o papel principal. Não encontrou, porém, atores com renome internacional na faixa etária do personagem, que tem mais de 70 anos na história. Quando a oportunidade de escalar Jean Reno apareceu, ele viajou até a casa do francês para convencê-lo.   Fundador da Vozes do Oceano, um instituto apoiado pela ONU que conscientiza sobre plástico nos oceanos, o diretor usou seu conhecimento do mar. Ele passou boa parte da sua juventude embarcado com a família (os Schurmann foram os primeiros brasileiros a circunavegar o mundo em um veleiro) e também dirigiu documentários sobre o universo marítimo. Havia, por fim, uma medida indispensável: filmar a história no Brasil. — Para mim era muito importante trazer a autenticidade visual do Brasil — diz Schurmann. — Por isso eu queria rodar numa praia com Mata Atlântica. A gente já está muito acostumado a ver pinguim na Patagônia, no Antártico... Mas na floresta causa aquele impacto. Quando a câmera logo no início mostra aquele túnel de mata, com a praia ao lado, os gringos tudo piram, né?"
O Globo,"Bioeconomia é peça-chave para descarbonização e poderá valer US$ 30 trilhões em 2050, diz relatório",{'https://oglobo.globo.com/mundo/g20-no-brasil/noticia/2024/09/12/bioeconomia-e-peca-chave-para-descarbonizacao-e-podera-valer-us-30-trilhoes-em-2050-diz-relatorio.ghtml'}," A bioeconomia é peça-chave na transição para uma economia de baixo carbono e tem potencial para chegar 2050 movimentando US$ 30 trilhões por ano, sustenta o relatório “Financiando uma Bioeconomia Global Sustentável”, lançado nesta quinta-feira em evento no Jardim Botânico, no Rio.   Citando dados do Fórum Mundial de Bioeconomia, o relatório ressalta que “a bioeconomia já é grande e cresce rapidamente”. O valor atual das atividades econômicas diretamente associadas a recursos naturais é estimado entre de US$ 4 trilhões a US$ 5 trilhões. “Apesar das significativas lacunas e fragilidades dos dados, há evidências de que os principais motores de crescimento sejam as preocupações sobre o clima, o meio ambiente e a saúde – cada vez mais incorporadas nas preferências do mercado e no desenvolvimento de marcos regulatórios”, diz o relatório, elaborado pela entidade sem fins lucrativos suíça NatureFinance e pelo Fórum Mundial de Bioeconomia.   O documento foi proposto pelo governo brasileiro, para apoiar a Iniciativa do G20 sobre Bioeconomia (GIB, na sigla em inglês), que teve três dias de reunião esta semana, no Rio. O encontro terminou com um acordo em torno dos Princípios de Alto Nível sobre Bioeconomia, documento publicado na quarta-feira e classificado como histórico pelo Itamaraty.   A GIB foi criada pelo Brasil, inserida no tema do desenvolvimento sustentável, uma das três prioridades do país na presidência temporária do G20, o grupo das maiores economias do mundo – as outras prioridades são o combate à fome e à pobreza e a reforma das instituições globais de governança. O relatório da NatureFinance e do Fórum Mundial de Bioeconomia defende o estabelecimento de princípios comuns para nortear o tratamento da bioeconomia no comércio global, em instrumentos financeiros e nas relações diplomáticas. Essa recomendação foi seguida com a publicação do documento da GIB.   O relatório divulgado nesta quinta-feira destaca ainda que “o financiamento da bioeconomia é totalmente possível, com base em uma grande variedade de instrumentos financeiros existentes”."
O Globo,O avião da Varig que pousou no meio da selva amazônica com 54 pessoas,{'https://oglobo.globo.com/blogs/blog-do-acervo/post/2024/09/o-aviao-da-varig-que-pousou-no-meio-da-selva-amazonica-com-54-pessoas.ghtml'}," O Boeing 737 da Varig estava perdido no ar havia três horas quando o comandante César Augusto Garcez avisou aos passageiros que só tinha combustível para mais 15 minutos. O avião decolara às 17h35 de Marabá, no Pará, levando 54 almas, com destino a Belém, no mesmo estado, mas tomara a rota errada e se perdera. Às 20h50, o piloto anunciou que tentaria um pouso de emergência no meio da Floresta Amazônica. Disse a todos que assumissem a posição adequada para o impacto, apertando cintos e abaixando as cabeças entre os joelhos. Também pediu aos passageiros que rezassem.   O comandante deu início ao pouso com uma velocidade de 180km/h, sem saber o que encontraria no solo, já que estava escuro para enxergar. Após tocar o chão, a aeronave percorreu cerca de 70 metros rasgando a mata, no Norte do Mato Grosso, até parar em uma enorme cratera aberta pelo próprio bico. As asas do Boeing foram arrancadas por árvores de até 30 metros de altura. Parte da cauda também foi separada do avião. A violência da aterrissagem ainda arrebentou os suportes que mantinham as poltronas presas ao piso. Com isso, a maioria dos passageiros foi arremessada para frente.   Longe dali, na noite daquele domingo, 3 de setembro de 1989, as primeiras informações diziam que o avião tinha desaparecido. Aos poucos, porém, ficou claro que havia sobreviventes. A fazendeira Maria das Graças Junes, de Xinguara, no Sul do Pará, ligou para a TV Liberal para contar que seis passageiros haviam atravessado a mata até chegar na sua propriedade em busca de socorro. De acordo com ela, o Boeing pousara em algum ponto do município de São José do Xingu, no território mato-grossense. A moradora local emprestou seu carro para os sobreviventes chegarem até um aparelho de rádio. O avião foi localizado graças às mensagens de rádio enviadas pelos sobreviventes, em outra fazenda, mas também devido a sinais emitidos pelo sistema de emergência da aeronave. Na manhã do dia 6 de setembro, mais de 48 horas após o acidente, as equipes de resgate chegaram ao local do pouso, após fazerem de base uma fazenda localizada a sete quilômetros de distância.   Onze pessoas estavam mortas quando os socorristas chegaram. De acordo com relatos, apenas um homem morreu na aterrissagem. Ele estava de pé, embriagado, no corredor do avião, e não obedeceu às ordens para se sentar. Segundo passageiros, outras pessoas pediram para a tripulação liberar a bebida alcoólica, para acalmar os ânimos dentro da aeronave, nos momentos de muita tensão antes do pouso de emergência. Outras 11 vítimas faleceram após a parada do Boeing. Gravemente feridas, elas não resistiram à longa espera até a chegada da equipes de emergência. Muito se machucaram quando as poltronas se soltaram. Bruna Coimbra, de 3 anos, e a mãe, Marinês Coimbra, estavam na primeira fila e foram soterradas por assentos. A criança teve um ferimento grave na perna e passou dias sem água, comida ou remédios. Quando o local do acidente foi encontrado, os socorristas disseram que o helicóptero não poderia descer na mata densa. Bruna teria que esperar até a manhã seguinte para ser levada à fazenda. Foi quando a mãe decidiu levá-la no colo atrás de ajuda. Ela andou durante quatro horas, à noite, até a fazenda que servia de base para o socorro.   O pequeno Bruno Melazzo, de 1 ano e 8 meses, sofreu um traumatismo craniano durante o pouso. A mãe dele e o irmão, de 4 anos, morreram no acidente. Bruno foi resgatado com vida, mas sua chance de sobrevivência era pequena. Mesmo assim, o público em todo o país acompanhou as notícias sobre o menino, transferido para o Hospital Israelita Abert Einstein. No dia 10 de setembro, porém, todas as esperanças acabaram quando o cérebro do garoto deixou de apresentar atividade. Ele foi declarado a 12ª vítima dos eventos que levaram até o pouso de emergência do Boeing 737 da Varig na selva. Na investigação sobre o acidente, foi constatada uma deficiência no plano de voo entregue pela Varig à tripulação, mas, como a companhia havia alertado sua equipe sobre o problema, o relatório sobre o caso apontou falha da tripulação como principal causa do acidente. Segundo o documento, o piloto e o copiloto erraram ao interpretar a rota que deveriam seguir. Em vez de rumarem para Norte após a saída de Marabá, em direção a Belém, eles foram para Oeste e acabaram se perdendo na Amazônia. Ambos foram condenados a quatro anos de prisão, mais tarde convertidos a trabalho comunitário."
O Globo,Eleições RJ: campanha de Ramagem lamenta ausência de Bolsonaro na cidade em setembro,{'https://oglobo.globo.com/blogs/lauro-jardim/post/2024/09/eleicoes-rj-campanha-de-ramagem-lamenta-ausencia-de-bolsonaro-na-cidade-em-setembro.ghtml'}," Jair Bolsonaro não vai pisar em solo carioca em setembro para ajudar com sua presença física Alexandre Ramagem a tentar sair dos magros 13% nas pesquisas de intenção de voto no Rio de Janeiro. Sua presença na campanha se restringe às suas aparições os comerciais de TV do ex-chefe da Abin. Não tem adiantado muito. Bolsonaro, é verdade, acampará no Rio na última semana de campanha. Mas a equipe de Ramagem preferia que ele tivesse desembarcado mais cedo na cidade."
O Globo,Conheça a história real de amizade entre pescador da Ilha Grande e pinguim retratada em filme americano,{'https://oglobo.globo.com/rio/noticia/2024/09/12/conheca-a-historia-real-de-amizade-entre-pescador-da-ilha-grande-e-pinguim-retratada-em-filme-americano.ghtml'}," Inspirada em uma história real passada no Brasil, a produção americana ‘Meu amigo pinguim’, dirigida pelo catarinense David Schurmann, narra a amizade entre o pescador João (interpretado pelo ator francês Jean Reno, de “O profissional”), que se afastou do mundo após uma tragédia, e um pinguim resgatado por ele após um vazamento de óleo.   João Pereira de Souza, de 79 anos, passou a vida tirando do mar seu sustento na forma de peixes. Uma ave que resgatou das águas da Ilha Grande, porém, o tornou protagonista de uma história comovente que vai virar filme e acaba de ganhar novo capítulo. O cenário é a Praia de Provetá, onde, em junho de 2011, João salvou, coberto de óleo, um pinguim-de-magalhães. Batizado de Dindim, o bichinho foi levado para a casa do pescador e os dois se tornaram amigos. Há sete anos, Dindim, após mais uma de suas visitas, entrou no mar e não retornou mais. Mas um dia, Seu João teve uma surpresa: um pinguim o seguiu até sua casa. João Pereira recebe a visita de um novo pinguim, em Ilha Grande A plumagem das duas aves era parecida, mas não demorou para que todos começassem a suspeitar de que não se tratava de Dindim. A certeza veio na última sexta-feira. O pinguim foi resgatado por uma equipe do Ibama e, através de um microchip implantado, foi confirmado que, na realidade, era um dos animais reabilitados por funcionários do órgão e liberados no mar recentemente. O novo amigo tem as características físicas de um pinguim mais jovem que Dindim. Apesar de não se tratar desta vez do velho conhecido da Praia de Provetá, vizinhos de João fizeram festa com o novo visitante. A família do aposentado contou que a chegada da ave foi algo grandioso na sua vida. A relação entre os dois surpreendeu todo mundo. — Era muito emocionante o amor deles — conta Mery Alves, filha de Seu João. Da última vez que foi embora, como parte do ciclo natural de migração da espécie, Dindim deixou muitas saudades. João ia à praia todos os dias esperar a volta do amigo. Em um vídeo gravado no começo de 2022, ele pedia para Dindim voltar a visitá-lo: — Já rodei esta praia todinha te procurando e não te encontro. Estou esperando você toda hora, quero que você apareça e venha aqui para eu brincar com você. Estou com muita saudade de você, mas como você não vem, fico com meus amigos aqui. Mas um dia você vai vir — dizia Seu João, sempre esperançoso. No entanto, com a chegada de um novo ""filho"", outra maneira carinhosa de ele se referir a Dindim, sua atenção esteve voltada para os cuidados do visitante. Em entrevista ao GLOBO, o diretor David Schurmann relatou sua experiência ao conhecer o amor entre João e Dindim. Segundo ele, o filme vai trazer à tona o poder de cura pessoal que o animal trouxe para a vida do pescador da Ilha Grande. — Não é só um pinguim fofo, ele tem um papel muito importante na vida do Seu João. A relação dos dois é extremamente profunda, complexa e bacana. Dindim veio mostrar que ele precisava de cura sobre algumas coisas tristes que aconteceram. Isso também é o surpreendente no filme — revela Schurmann. Sobre a reviravolta ocorrida com a visita de um novo pinguim, ele afirma que só prova o quanto o aposentado é mágico quando se trata de animais. — A mágica não é só de ser o Dindim ou não, mas a de o seu João atrair esses pinguins. A magia está no seu João — analisa."
O Globo,De Travis Scott a Justin Bieber: conheça o corretor preferido das estrelas na hora de alugar casas milionárias no Rio,{'https://oglobo.globo.com/rio/noticia/2024/09/12/de-travis-scott-a-justin-bieber-conheca-o-corretor-preferido-das-estrelas-na-hora-de-alugar-casas-milionarias-no-rio.ghtml'}," glamoroso mercado imobiliário de luxo, Michael Magno se destaca por atender a um público seleto de famosos e empresários. Conhecido como o corretor das celebridades, o morador da Barra, de 33 anos, conquistou a confiança de clientes nacionais e internacionais ao longo dos últimos 12 anos com seu trabalho personalizado e discreto. Grande parte do seu sucesso está ligada à área da Barra e arredores, incluindo Joá, São Conrado e Recreio, regiões conhecidas por suas luxuosas residências e belíssimas paisagens.   Às vésperas do festival Rock in Rio, Magno já conseguiu alugar uma propriedade na região para a equipe da estrela internacional Travis Scott, que se apresenta neste 13 de setembro, e que provavelmente será utilizada por ele, mas pode não ser, como uma tática comum para as estrelas. Para despistar seus legiões de fãs, as estrelas costumam reservar propriedades para si e seu entourage sem revelar quem ficará em qual. — É uma propriedade impressionante em Itanhangá. Muitos preferem alugar uma casa para ter mais privacidade, além de reservar um quarto em um hotel. Às vezes, a equipe também fica na propriedade, mas nunca sabemos exatamente — afirma Magno, que considera a discrição uma das grandes vantagens de seu trabalho. Justin Bieber é outro cliente internacional que confiou em Magno para encontrar uma propriedade no Rio quando viajou para o Rock in Rio, em 2013. A casa escolhida pela estrela pop ficava em São Conrado. Magno também conheceu recentemente Juliette, a vencedora do Big Brother Brasil 2021, que comprou uma mansão na Barra da Tijuca e até elogiou o corretor em suas redes sociais. Magno explica que selecionou cinco casas de acordo com o perfil desejado pela cantora. “Ela tem uma agenda muito ocupada devido à música e outros trabalhos como empresária e influenciadora. Queria uma casa espaçosa, com piscina, arejada e bem localizada, onde pudesse compartilhar momentos com familiares e amigos,” diz ele. A casa escolhida por Juliette conta com uma ampla suíte, o que lhe permitiu organizá-la ao seu gosto, criando, por exemplo, um closet de acordo com suas necessidades. — A casa é cinematográfica, muito espaçosa e elegante. Juliette já está em processo de reforma para torná-la ainda mais incrível, luxuosa e sofisticada,"" acrescenta Magno, que define a artista como uma pessoa alegre, simples e com excelente gosto. O corretor diz que evita mostrar muitas opções de propriedades aos clientes para não gerar dúvidas, e que a beleza, a localização, o preço e as necessidades atuais são os principais fatores que influenciam na decisão de compra ou aluguel. — Sempre é muito gratificante quando consigo atender às suas expectativas e necessidades, e eles acabam se tornando amigos,"" diz ele e revela: ""A grande maioria pede uma área gourmet com espaço, um closet grande, uma casa com mais privacidade e uma decoração que fique bem e iluminada em vídeo. Michael Magno decidiu mudar de carreira aos 21 anos, após um período na construção civil como técnico de segurança no trabalho, e seguiu os passos de seu pai no setor imobiliário. Hoje, ele dirige a Magno Real Estate, empresa com escritórios no Rio, São Paulo, Balneário Camboriú, Brasília e Flórida (EUA), e planos de expansão para Belo Horizonte, Porto Seguro e Portugal. — Uma das primeiras pessoas famosas que ajudei foi a atriz brasileira Antonia Fontenelle, que conheci através do Instagram,"" revela ele e explica: ""Trabalhamos com confidencialidade, propriedades exclusivas e serviço personalizado. Minha diferença é sempre pensar em um briefing para entender as necessidades do cliente. O preço médio de aluguel das propriedades com as quais trabalha varia entre US$ 1.000 e US$ 45.000 por dia. Os aluguéis anuais têm um preço médio entre US$ 5.000 e US$ 20.000 por mês. O valor de venda varia entre US$ 500.000 e US$ 15.000.000. — A maioria dos artistas prefere aluguéis anuais e apenas alguns optam pelo contrato padrão de 30 meses. E preferem propriedades mobiliadas, pela praticidade e agilidade. Fazemos de tudo para acelerar o processo, já que a maioria dos clientes não tem tempo, por isso somos objetivos,"" revela o famoso corretor e acrescenta: ""A transparência é uma prioridade, e entender os gostos e necessidades é fundamental. Já atendi um casal que, apesar de ter os meios econômicos para alugar qualquer imóvel, preferia um ambiente mais acolhedor. Então, em vez de procurar a casa mais cara com uma cozinha gigante, me concentrei em algo que realmente se adaptasse ao estilo de vida deles. Magno também se destaca como influenciador, e entre seus clientes estão grandes nomes do esporte e das artes. Ele já atendeu jogadores como Ronaldinho Gaúcho, Neymar, Vinícius Jr., Rodrigo Silva, Richarlison, Emerson Sheik, Romário e Gabigol. No mundo da música nacional, trabalhou para Diogo Nogueira, Ludmilla, Anitta, Zeca Pagodinho, Thaeme, Aline Barros, Orochi, Alok, Wesley Safadão, Gusttavo Lima, Thiaguinho, Belo e Filipe Ret. Entre os atores, encontrou propriedades para nomes como Jade Picon, Deborah Secco, Paloma Bernardi, Edson Celulari, Ana Hickmann, Caio Castro, Arthur Aguiar, Mari González, Marina Ruy Barbosa, Humberto Martins, Eri Johnson e José Loreto."
O Globo,"Ismael Silva, Hannah Arendt e Luz del Fuego sobem aos palcos da Zona Sul",{'https://oglobo.globo.com/rio/bairros/zona-sul/noticia/2024/09/12/ismael-silva-hannah-arendt-e-luz-del-fuego-sobem-aos-palcos-da-zona-sul.ghtml'}," Não há como confundir ou misturar as histórias de Ismael Silva, Hannah Arendt e Luz del Fuego. Mas, cada um em seu palco, os três personagens têm suas trajetórias contadas em peças que serão encenadas este mês em salas da Zona Sul. Outras duas montagens que estreiam ou reestreiam exploram o universo feminino, caso de “Fé mina — Histórias de mulheres”; e esquetes de humor, em “Agora é que são elas!”.   Dos três personagens, o único já em cartaz é “Luz del Fuego — Uma história além da vida”, em cartaz de sexta a domingo, sempre às 20h, até o fim do mês, no Teatro Candido Mendes, em Ipanema. Com texto e direção de Sonia Barbosa, o espetáculo é estrelado por Jussara Calmon, musa da pornochanchada nos anos 1980. — Luz del Fuego é uma personagem real e fascinante, que de certa forma tem muito a ver comigo. Ela foi polêmica e desde pequena já se mostrava uma mulher diferente. Isso, naquela época, assustava a sociedade — afirma Jussara. As histórias de Ismael Sivla e Hannah Arendt serão encenadas a partir do dia 19. O sambista do Estácio será vivido por três atores no musical “Ismael Silva — Professor do samba”, escrito por Ana Veloso, também diretora, ao lado de Edio Nunes. Ele divide a o palco da Arena Sesc Copacabana com Jorge Maia e Milton Filho. A temporada vai até 20 de outubro, com sessões de quinta a domingo, às 20h. — Esse espetáculo conta a história de um homem, artista, negro, favelado, que mostra que tem talento e que pode ter o espaço dele por merecimento, ser valorizado — diz Nunes. Criado pelo autor, ator e diretor Eduardo Wotzik, “Hannah Arendt— Uma aula magna” apresenta ideias, pensamentos, experiências e filosofias de uma das mais importantes pensadoras do século XX. A peça fica em cartaz até dia 29 deste mês no Teatro Domingos Oliveira/Planetário da Gávea, de quinta-feira a sábado, às 20h; e domingos, às 19h. “Agora é que são elas!”, escrita e dirigida por Fábio Porchat, já fez sucesso na Zona Sul, quando lotou por quatro meses o Teatro dos Quatro. A comédia está de volta, agora no Teatro das Artes, também no Shopping da Gávea, onde fica em cartaz até dia 29, com sessões sexta e sábado, às 20h; e domingos, às 19h. Maria Clara Gueiros, Júlia Rabello e Priscila Castello Branco vivem 20 personagens, femininos e masculinos, em nove esquetes. — É uma peça com que as pessoas se identificam. Ou elas viveram aquilo ou elas são aquilo. Ou você tem uma amiga supersticiosa ou você é uma pessoa muito otimista ou tem uma filha que faz perguntas sobre sexo e você não sabe responder. Então, é muito legal poder estar de volta ao Shopping da Gávea, fazendo o povo dar risada dessas histórias — diz Porchat. No Teatro Café Pequeno, no Leblon, “Fé mina — Histórias de mulheres” aborda temas do universo feminino, como amor, educação, relacionamentos abusivos e até feminicídio, de forma crítica e ao mesmo tempo cômica. A atriz Martha Paiva, também autora do espetáculo, colheu histórias do seu repertório pessoal e familiar e do convívio com outras mulheres que têm em comum amores abusivos e casos de superação para criar o espetáculo, dirigido por Ana Luiza Bellacosta. A peça está em cartaz até o dia 22, com apresentações sextas e sábados, às 20h; e domingos, às 19h. — Nosso objetivo principal é engajar mulheres na busca pelo autoamor e também estimular a denúncia de abusos cometidos dentro do lar, além de divulgar algumas histórias, possibilitando, a partir delas, reflexões e discussões sobre aspectos essenciais e urgentes em nossa sociedade, tais como a tolerância, o respeito às diferenças e a cidadania —enfatiza Martha."
O Globo,"Ludmilla fala de sua estreia no Palco do Mundo do Rock in Rio: 'Quero mostrar quem eu sou, incluindo minhas fragilidades'",{'https://oglobo.globo.com/blogs/ancelmo-gois/post/2024/09/ludmilla-fala-de-sua-estreia-no-palco-do-mundo-do-rock-in-rio-quero-mostrar-quem-eu-sou-incluindo-minhas-fragilidades.ghtml'}," Após um show bastante elogiado no Palco Sunset em 2022, Ludmilla retorna ao Rock in Rio para fazer sua estreia no Palco Mundo. Nesta edição, a cantora optou por explorar “temas íntimos como força, resiliência, dor, sofrimento e insegurança”. “Sinto que, antes, eu estava constantemente buscando me provar e mostrar a minha força. Agora, o objetivo é celebrar a artista e a mulher que me tornei, a liberdade de estar à vontade com quem eu sou, incluindo minhas fragilidades."", diz a artista. ""Eu sou forte, mas também sou humana. Isso inclui precisar lidar com diferentes tipos de emoções, as boas e as ruins. E, eu quero que esse show seja mais do que um espaço para música. Vai ser um espaço para verdade, para conexão.” O show será marcado por uma narrativa visual representada por três elementos simbólicos: o sol, o eclipse e a lua. O sol simboliza a intensidade e a potência de Ludmilla; a lua, sua sensibilidade e delicadeza; e o eclipse, a convergência de forças opostas que definem sua complexidade artística e pessoal. Ludmilla foi a primeira a alcançar 1 bilhão de streams no Spotify, número que hoje ultrapassa 5 bilhões. Ela acumula hits em diversos gêneros musicais e é a sexta cantora negra mais ouvida no mundo, ao lado de ícones como Beyoncé e Rihanna."
O Globo,"Pimenta está de volta oficialmente à Secom, de onde nunca saiu totalmente",{'https://oglobo.globo.com/blogs/lauro-jardim/post/2024/09/pimenta-esta-de-volta-oficialmente-a-secom-de-onde-nunca-saiu-totalmente.ghtml'}," Paulo Pimenta está de volta oficialmente hoje à Secom, com a publicação no Diário Oficial do decreto assinado por Lula. Pimenta nunca saiu de fato da Secom. Ficou com um pé ali e outro na Secretaria Extraordinária da Presidência da República para Apoio à Reconstrução do Rio Grande do Sul. Foram menos de quatro meses na pasta criada após as enchentes de maio. Um período em que bateu de frente continuamente com Eduardo Leite. E também um tempo em que, ao contrário de suas expectativas, não lhe serviu para catapultar sua candidatura ao governo do estado em 2026 dadas as dificuldades de execução das medidas de reconstrução do estado"
O Globo,"Beep, startup de vacinas e exames em casa, é avaliada em R$ 1,2 bi após aporte ‘gringo’",{'https://oglobo.globo.com/blogs/capital/post/2024/09/beep-startup-de-vacinas-e-exames-em-casa-e-avaliada-em-r-12-bi-apos-aporte-gringo.ghtml'}," A Beep Saúde, startup carioca que oferece vacinas e exames em domicílio em Rio, São Paulo e Brasília, recebeu um aporte de cerca de R$ 100 milhões. O cheque veio do fundo nova-iorquino Lightsmith, voltado para negócios de impacto e que já é investidor da brasileira Solinftec — uma espécie de “Waze da lavoura” que tem entre os sócios um fundo da família de Luiza Trajano.   A companhia diz ter sido avaliada em R$ 1,2 bilhão após o investimento — um cálculo que o fundador Vander Corteze classifica de “mais maduro” que os que se fazia anteriormente, quando a abundância de capital dava à luz “unicórnios” semanais no Brasil. Em 2021, quando recebeu um aporte de R$ 110 milhões do Valor Capital, fundo do ex-embaixador dos EUA no Brasil Clifford Sobel, a Beep foi avaliada em R$ 670 milhões. Em 2022, pouco antes de o financiamento a startups secar, Corteze disse à coluna que estava à procura de um aporte que transformasse a Beep em “unicórnio” — avaliação de US$ 1 bilhão, ou R$ 5,6 bilhões.   Também participaram da nova rodada o CZI — fundo do casal Mark Zuckerberg e Priscilla Chan, que investiu um valor não divulgado na companhia dois anos atrás —, David Vélez (fundador do Nubank) e a Actyus (gestora de Sergio Furio, fundador da Creditas). Além desses, a startup tem como sócios o Bradesco e a DNA Capital, gestora criada pela família Bueno (fundadora da Amil e controladora da Dasa, de hospitais e laboratórios). O novo aporte chega poucos meses depois de a companhia atingir o chamado “breakeven” (ou seja, parar de queimar caixa e dar prejuízo). De acordo com a Beep, no fim do primeiro semestre deste ano, seu faturamento anualizado estava na casa dos R$ 300 milhões. — No aporte anterior, eu estava na Brazil Week, em Nova York, quando notei que o inverno das startups estava se estabelecendo e seria prudente captar. Desta vez, o aporte não era uma prioridade para nós. Mas eu estava mais uma vez na Brazil Week e, lá, conheci o fundo Lightsmith. Eles nos conquistaram com uma visão diferente sobre a empresa, mostrando que nossa atuação na prevenção de doenças tem correlação direta com os desafios climáticos — conta Corteze, médico e ex-oficial dos Bombeiros que fundou a healthtech em 2016.   De acordo com ele, 100% dos recursos serão investidos em tecnologia. Um dos planos é tornar mais eficiente um modelo que é leve em ativos físicos — a Beep não tem clínicas e terceiriza as análises para o DB Diagnóstico —, mas cuja logística é 100% “verticalizada” e apoiada em uma frota própria de mais de 400 carros e mais de mil funcionários. — Não se trata apenas de tecnologia no app, mas dos bastidores do nosso funcionamento. Para nosso negócio se sustentar, precisamos criar “geodensidade”, ou seja, ter cada vez mais atendimentos próximos uns dos outros, a fim de tornar as rotas mais eficientes. Essencialmente, é um desafio logístico baseado em “machine learning” (aprendizado de máquina, um tipo de inteligência artificial). Para isso, é necessário contratar pessoas especializadas — explica. Um dos sócios do Lightsmith, Jay Koh, assumirá uma cadeira no conselho da Beep. “A Beep usa a tecnologia para promover cuidados de saúde em casa com muita eficiência, contribuindo para minimizar doenças decorrentes de efeitos climáticos. Esperamos apoiar a Beep para que a empresa possa escalar o negócio como uma ferramenta de redução dos impactos das mudanças climáticas na saúde”, diz Koh em nota."
O Globo,"Entrevista: 'A Autoridade Climática terá a missão de fazer a gestão de risco das tragédias', explica Marina Silva",{'https://oglobo.globo.com/brasil/meio-ambiente/noticia/2024/09/12/entrevista-a-autoridade-climatica-tera-a-missao-de-fazer-a-gestao-de-risco-das-tragedias-explica-marina-silva.ghtml'}," Questionada por causa da onda de queimadas, a ministra do Meio Ambiente, Marina Silva, diz que prefere estar à frente da pasta, mesmo recebendo críticas, do que imaginar como seria a situação se o trabalho desenvolvido por sua equipe não estivesse sendo feito. Para Marina, a atuação do governo encontra barreiras em ações criminosas — “gente dizendo ‘apague o fogo que eu toquei’”. A ministra acompanhou o presidente Luiz Inácio Lula da Silva ao Amazonas na terça-feira, em visita a áreas atingidas pelo fogo e pela seca.   Na viagem, Lula anunciou a criação da Autoridade Climática, uma reivindicação de Marina para apoiar o petista na eleição de 2022. A criação da estrutura havia sido adiada com a alegação de restrições orçamentárias. Agora, a autoridade terá a missão de fazer a gestão dos riscos das tragédias climáticas. Há uma cobrança por uma ação mais efetiva do governo contra as queimadas. Como responde a essa crítica? O governo está fazendo o máximo de esforço diante de uma situação extrema, e estamos ajustando o tempo todo as medidas, seja aumentando recursos, equipamentos ou brigadistas. O problema é que a situação tem uma química muito potente. Temos a maior seca na Amazônia e no Pantanal nos últimos 40 anos, temperaturas altíssimas, ventos fortes, umidade relativa do ar em 7% ou 8% e pessoas ateando fogo. Nós conseguimos uma redução de mais de 60% de desmatamento. Imagine se não tivéssemos conseguido? É suficiente? Ainda não, se você sai tocando fogo no mundo e dizendo “apague o fogo que eu toquei”. Ampliar e aperfeiçoar esses esforços é o nosso trabalho. Eu prefiro estar nesse lugar, mesmo recebendo críticas, do que imaginar como seria se não tivéssemos uma equipe que foi capaz de se preparar desde janeiro para ter capacidade de entrar em cena. Como vai funcionar a Autoridade Climática? É uma política de médio e longo prazo. É você sair da gestão do desastre, que é necessária, e criar um paradigma novo da lógica da gestão do risco. É claro que tem medidas de curto prazo. Mas, em termos de pensar que o município possa se sentir adaptado e preparado, é um processo longo. O que a Autoridade vai fazer, nesse trabalho mais de operador, é ser um mecanismo técnico que ajude a termos mais políticas com base em dados e evidências para fazer adequadamente esse enfrentamento dos eventos extremos e suas consequências. Muitas coisas já vêm sendo feitas desde o início de 2003 para cá. São políticas que já existem, mas agora elas vão ganhar outra dimensão com o estatuto jurídico da emergência climática. Já existe a emergência quando o desastre acontece, mas a emergência permanente para as regiões, municípios e estados suscetíveis à mudança do clima é uma grande inovação. A criação vai acontecer por uma medida provisória, com efeito imediato? O presidente falou que vai mandar por medida provisória o estatuto jurídico da emergência climática. Sobre a Autoridade Climática, será preciso ver qual é o melhor caminho. A ideia é que seja, desde a concepção, um órgão ligado ao Ministério do Meio Ambiente. E já tem um perfil da pessoa que será escolhida para estar à frente da Autoridade Climática? Não. Neste momento, não estou pensando na pessoa. Estou pensando no desenho da política pública, das instituições e da robustez que elas precisam ter. É preciso pegar tudo que já vem sendo feito, ampliar e estruturar de forma cada vez mais densa para, junto com todos os setores de governo e em parceria com os estados, municípios e os diferentes segmentos da sociedade, fazer o enfrentamento de algo que já é um dado de realidade, com cenas muito tristes, envolvendo o risco de vida das pessoas. Daria para citar um exemplo prático da atuação da Autoridade Climática? Ela atua por meio desse comitê técnico-científico, integrando os melhores dados para que os sistemas de alerta sejam dados o quanto antes. Também colabora, dando suporte às políticas estaduais, municipais e federais, para que esses municípios, ao tomarem conhecimento de que estão em situação de vulnerabilidade, apresentem projetos. Tanto para serem considerados áreas de risco climático grave quanto para saber que medidas devem ser tomadas, para que o município possa se sentir adaptado e preparado para esses eventos climáticos e evitar os prejuízos e perdas de vidas."
O Globo,Vegetti e Léo Jardim se solidificam como protagonistas em mais uma noite heroica do Vasco na Copa do Brasil; leia análise,{'https://oglobo.globo.com/esportes/futebol/vasco/noticia/2024/09/12/vegetti-e-leo-jardim-se-solidificam-como-protagonistas-em-mais-uma-noite-heroica-do-vasco-na-copa-do-brasil-leia-analise.ghtml'}," É impossível descrever a classificação do Vasco à semifinal da Copa do Brasil com outra palavra se não heroica. O cruz-maltino resistiu a um cenário de dois gols do Athletico em plena Ligga Arena, perdeu Rayan expulso, diminuiu para 2 a 1 ainda no primeiro tempo e resistiu até a disputa de pênaltis. Nela, venceu por 5 a 4, com gol decisivo de Pablo Vegetti, o grande nome do clube nesta temporada e na competição. Contou também com grande defesa de Léo Jardim, outro protagonista deste cruz-maltino ""copeiro"", na única cobrança desperdiçada, por Canobbio. O time carioca, que já havia se classificado nos pênaltis contra Água Santa e Fortaleza, mostrou novamente o espírito aguerrido para voltar às semifinais da competição pela primeira vez desde 2011, quando a conquistou. Agora, aguarda o vencedor do confronto entre Atlético-MG e São Paulo. — A gente tem sofrido bastante ultimamente, com placares, com jogadores a menos. Acho que isso tem norteado um pouco o nosso trabalho, sofrendo um pouco mais do que a gente gostaria, mas isso nos eleva. Estamos sofrendo, mas conseguindo atingir os resultados. Queríamos a vitória hoje, mas veio a classificação importantíssima. Estamos batalhando muito para evoluir, temos conseguido sucesso no Brasileiro e na Copa do Brasil. Estamos felizes, sofrendo, mas atingindo os objetivos e isso é o mais importante — analisou o técnico Rafael Paiva após a partida.   O primeiro tempo criou o pior cenário possível para o cruz-maltino. Com 31 minutos de jogo, o Athletico já vencia por 2 a 0, destruindo a vantagem construída em São Januário. Minutos depois, ainda ficou com um a mais após a expulsão de Rayan, que deixou o braço em disputa de bola com Esquivel na lateral — lance que inicialmente rendeu cartão amarelo, mas foi verificado por Wilton Pereira Sampaio no monitor do VAR. Uma situação que só não ficou pior porque Vegetti apareceu no seu melhor estilo para empatar o agregado pouco antes do intervalo. O camisa 99 subiu mais que a defesa e completou de cabeça cruzamento de Lucas Piton no canto direito de Mycael. A vantagem que havia sido construída pelo Athletico foi em um embate de alta intensidade dos dois times. O Vasco, carregando a vantagem do jogo de ida, iniciou com uma escalação ofensiva na Ligga Arena. Um meio mais solto, com Sforza no lugar de Mateus Carvalho, e um ataque com David e Rayan abertos. Nos primeiros minutos, de troca de iniciativas de ataque, o próprio Rayan teve ótima chance de abrir o placar ou encontrar um companheiro na jogada, mas acabou chutando para fora. A oportunidade se revelou preciosa, já que o Vasco viveu noite muito ruim de seu sistema defensivo. Cuello abriu o placar para os donos da casa aparecendo livre dentro da área após cruzamento de Esquivel. Assim também nasceu o segundo gol do Athletico, de Zapelli. Em novo cruzamento, Gabriel encontrou o mesmo Cuello, que cabeceou na direção do camisa 10. Era pelas pontas que o time paranaense encontrava as melhores chances, principalmente depois que ficou com um a mais.   Com a bagagem de dois confrontos quentes entre as equipes em São Januário (incluindo o compromisso pelo Brasileirão), o jogo teve faíscas, com dificuldades para Wilton Pereira Sampaio controlar os nervos de ambos os lados. O árbitro, com auxílio do VAR, acertou na expulsão de Rayan, mas viveu noite confusa na condução da partida. Pouco antes da expulsão, o cruz-maltino ainda teve ótima chance de diminuir o placar em bobeira generalizada da defesa do Athletico. A bola sobrou nos pés de Rayan e depois nos de Payet, mas nenhum dos dois conseguiu concluir em gol. O cenário da partida se encaminhava para uma classificação do time paranaense. Mas ainda antes do intervalo, Vegetti fez o primeiro ato para se tornar o herói da noite ao diminuir o placar e igualar o agregado. Foi o sexto gol do centroavante argentino, artilheiro da competição. A segunda etapa foi de aplicação física e brilho de Léo Jardim. O goleiro fez seis defesas significativas e evitou chances claríssimas do gol que seria da classificação paranaense. Ainda foi crucial na disputa de pênaltis, ao defender a cobrança de Canobbio. Uma das três penalidades que salvou nas três disputas de pênaltis vencidas pelo Vasco nesta Copa do Brasil. — Sabemos da qualidade do Léo também, dificilmente ele fica cinco penalidades sem defender um pênalti — elogiou Paiva."
O Globo,Destroços de navios nazistas afundados durante a Segunda Guerra emergem após seca reduzir nível de rio na Europa,{'https://oglobo.globo.com/mundo/noticia/2024/09/12/destrocos-de-navios-nazistas-afundados-durante-a-segunda-guerra-emergem-apos-seca-reduzir-nivel-de-rio-na-europa.ghtml'}," Destroços de navios nazistas afundados no rio Danúbio durante a Segunda Guerra Mundial (1939-1945) emergiram perto da cidade portuária de Prahovo, na Sérvia, após uma seca em julho e agosto que fez com que os níveis de água diminuíssem, publicou a agência Reuters. Quatro embarcações alemãs datadas de antes de 1950 e carregadas de explosivos foram descobertas na região na terça-feira, e outras quatro também ficaram visíveis no Parque Nacional Danúbio-Drava, na Hungria, a centenas de quilômetros rio acima.   Esta não é a primeira vez que os navios aparecem no rio Danúbio, o segundo maior da Europa, com 2.850 km de extensão. Secas e ondas de calor recorrentes têm levado a quedas drásticas nos níveis de água todos os anos, expondo as embarcações alemães e, ao mesmo tempo, ameaçando o abastecimento de água potável e dificultando a navegação ao longo da rota que se estende da Floresta Negra, no sudoeste da Alemanha, até o Mar Negro, no leste da Romênia. Espalhados pelo leito do rio, alguns dos navios ainda têm torres, pontes de comando e mastros quebrados, enquanto outros estão submersos sob bancos de areia. Os navios revelados em Prahovo estavam entre centenas de outras embarcações que foram afundadas ao longo do Danúbio pela frota alemã do Mar Negro em 1944, enuanto recuavam das forças soviéticas. Em 2022, dezenas de embarcações operadas pela frota do Mar Negro da Alemanha nazista apareceram perto de Prahovo após os níveis de água atingirem recordes de baixa. Naquele ano, o programa Copernicus, gerido pela Comissão Europeia, documentou a escassez de água ao longo do Danúbio e afirmou que partes do rio eram inavegáveis. — Os capitães devem ser extremamente cautelosos, e incidentes como encalhes ocorrem com frequência — disse Damir Vladic, gerente do porto de Prahovo, à AFP. — Basta um pequeno desvio da rota navegável para causar problemas — acrescentou. Na terça-feira, quando os navios foram descobertos, o nível do Danúbio em Budapeste era de 1,17 metros (o recorde histórico de baixa é de cerca de 0,4 metros, registrado em outubro de 2018). Durante inundações, o rio sobe bem acima de 6 metros. Chuvas que eram aguardadas começaram na segunda-feira, e é esperado que os níveis do Danúbio subam para cerca de 3 metros em Mohacs até o fim de semana, quando os navios deverão voltar a ficar submersos, publicou a CNN.   A Alemanha nazista e seus aliados ocuparam os Bálcãs Ocidentais de 1941 a 1945, período em ue lutaram contra guerrilheiros comunistas. Após a desastrosa invasão da União Soviética, porém, as forças alemãs recuaram progressivamente em direção às fronteiras. À medida que as tropas nazistas recuavam para o oeste, a Alemanha afundou dezenas de navios de sua frota do Mar Negro ao longo do Danúbio, em 1944. O objetivo era dificultar o avanço do Exército Vermelho, bloqueando o rio, e impedir que as embarcações fossem aproveitadas pelos soviéticos. — Eles queriam passar pelo desfiladeiro de Djerdap — disse o historiador Velimir Miki Trailovic, referindo-se a um estreito rio próximo. — Mas quando perceberam que não conseguiriam, decidiram afundar os navios — continuou, afirmando que os nazistas afundaram quase 200 embarcações, incluindo balsas de transporte e barcos torpedeiros.   Por 80 anos, os navios permaneceram praticamente intocados no fundo do Danúbio, embora durante os períodos de seca o casco de aço do rebocador alemão UJ-106 ficasse visível. Em 2022, uma iniciativa financiada pelo Banco Europeu de Investimento e pelo Mecanismo de Investimento dos Bálcãs Ocidentais disponibilizou quase 30 milhões de euros (R$ 186 milhões, na cotação atual) para supervisionar uma operação para remover as embarcações. O primeiro navio, um caça-minas, foi retirado do Danúbio em agosto, e trabalhadores locais sugeriram que ele poderia ser relançado após reparos. A remoção dos navios, no entanto, é uma tarefa complicada, considerando as munições submersas que foram enterradas com eles — e que exigem manobras cuidadosas para evitar o risco de detonação. À AFP, Trailovic disse que, se explodissem, os artefatos poderiam causar “problemas catastróficos” na região. Ao todo, as autoridades sérvias estimam que levará um ano e meio para remover os navios do rio. Ministro da Construção, Transporte e Infraestrutura da Sérvia, Goran Vesic disse que 21 navios serão retirados do local nos próximos meses."
O Globo,Magnésio para sua saúde,{'https://oglobo.globo.com/blogs/espiritualidade-e-bem-estar/post/2024/09/magnesio-para-sua-saude.ghtml'}," O magnésio é um “medicamento” antigo. Meu pai, que durante muito tempo sofreu com azia e refluxo em razão de uma hérnia de hiato, consumia o leite de magnésia como forma de melhorar o desconforto estomacal. Composto por hidróxido de magnésio que reage com o ácido clorídrico no estômago, formando cloreto de magnésio e reduzindo a acidez gástrica, é indicado para a prisão de ventre por aumentar a retenção de água no intestino, ajudando a amolecer as fezes e facilitar a movimentação intestinal. O magnésio é o quarto mineral mais abundante em nosso organismo. Nosso corpo possui entre 20 e 28 gramas de magnésio, sendo que a maior parte desse nutriente está concentrada no esqueleto (de 60 a 65%) e nos músculos (de 34% a 39%). Ele também pode ser encontrado em diversos alimentos, suplementos, medicamentos e, inclusive, na água, favorecendo funções importantes em todo o corpo. Participa de mais de 300 reações bioquímicas, e seus benefícios incluem:   Os alimentos ricos em magnésio são as leguminosas, as oleaginosas, os grãos integrais, os vegetais verdes-escuros e as frutas secas. Pesquisas recentes apontam que grande parte da população não consome a dose diária recomendada. A maioria das pessoas está em risco de deficiência subclínica de magnésio, pois o consumo está estimado em menos de 50% da necessidade média de ingestão em diversas partes do mundo, pelo consumo de alimentos processados e ultraprocessados, pobres em nutrientes. A deficiência de magnésio pode estar relacionada à ingestão insuficiente do mineral na dieta, atividade física exagerada, estresse, ansiedade, álcool em excesso, tabagismo, uso de anticoncepcional, resistência à insulina, excesso ou deficiência de vitamina D e deficiência de vitamina B6. A falta de magnésio pode provocar vários problemas para a saúde, como arritmia cardíaca, fraqueza, fadiga, perda de apetite, náusea, vômito e alterações de humor. Quando necessário, o magnésio pode ser manipulado associando à fórmula outros ativos para melhorar a absorção do mineral e promover uma ação mais ampla em todo o organismo. Além do leite de magnésia, encontra-se sob as formas de:  "
O Globo,"Desempenho de Kamala em debate dá fôlego à campanha, mas caminho para vitória contra Trump ainda é longo",{'https://oglobo.globo.com/mundo/eleicoes-eua/noticia/2024/09/12/desempenho-de-kamala-em-debate-da-folego-a-campanha-mas-caminho-para-vitoria-contra-trump-ainda-e-longo.ghtml'}," “Não acho que tenha sido sua melhor noite”, definiu a senadora republicana Lisa Murkowski, quando questionada sobre o desempenho de seu colega (e desafeto) de partido, Donald Trump, no debate com a candidata democrata à Casa Branca, Kamala Harris. Murkowski fez coro a analistas, comentaristas e políticos que declararam a vice-presidente vencedora, e que apontaram como o veterano ex-presidente caiu em todas as armadilhas de sua rival. Mas a 55 dias de uma eleição que promete ser apertada, não há garantias de que o bom desempenho vá se traduzir em votos.   As pesquisas pós-debate foram praticamente unânimes: na CNN, 63% dos espectadores consideraram Kamala mais consistente do que Trump (37%), e houve aumento das visões positivas sobre a vice-presidente, e das negativas sobre o republicano. Pelo instituto YouGov, Kamala venceu por 54%, contra 31% de Trump e 14% de indecisos. Com um dos períodos de campanha mais curtos da História dos EUA, Kamala Harris tem pouco tempo para se apresentar aos eleitores, que ainda a veem como uma desconhecida, e sabia que a noite poderia ser sua melhor e talvez última chance de vitória. A democrata partiu para o ataque: citou suas inconsistências, suas posições ambíguas, seu histórico questionável e plantou uma série de armadilhas, quase todas eficazes. O que se viu foi um Trump na defensiva e por vezes incoerente. Mas para alguém que precisa vencer o desconhecimento do eleitorado, que já sabe muito bem quem é o ex-presidente, parece ter sido pouco. Especialmente entre aqueles que são o grande troféu da eleição, os eleitores indecisos nos sete estados-pêndulo que decidirão quem governará os EUA a partir de janeiro do ano que vem. — Ela ainda precisa me impressionar — afirmou Samira Ali, estudante da Universidade do Wisconsin, em entrevista ao New York Times, na saída de um evento que exibiu o debate, organizado pela rede ABC. — Ainda estou decidindo.   Ao mesmo tempo em que dedicou preciosos minutos para atacar Trump, Kamala não mergulhou em suas propostas de governo, como os planos para impulsionar o que chama de “economia de oportunidade”, focada na classe média. As promessas de incentivos fiscais a novos negócios não foram suficientes para reverter uma visão, confirmada inclusive pela pesquisa pós-debate, de que Trump é mais capaz de lidar com a economia e também com a imigração, outro tópico quente das discussões. — Ela tentou algumas vezes dizer, “Eu quero fazer isso e eu quero fazer aquilo”, e essas são promessas legais — disse ao New York Times a professora aposentada Sharon Reed. uma eleitora indecisa da Pensilvânia. — Espero que ela consiga fazê-las passar pelo Congresso. Apesar de não ter sido uma noite a se lembrar, Trump não cometeu erros cruciais, como o fez o candidato democrata em 1988, Michael Dukakis, ao não mostrar qualquer tipo de emoção em uma questão sobre pena de morte, ou como as repetidas consultas ao relógio do republicano George H.W. Bush em 1992. Tampouco teve um desempenho desastroso como o do ex-candidato à reeleição, Joe Biden, em junho, no momento que definiu o fim de sua campanha. Pode ter sido o bastante. Uma parcela considerável de sua base está cristalizada, e a ampla maioria dos que dizem que votarão nele em novembro não pretendem mudar de ideia. Como Kamala Harris tem afirmado, é a campanha democrata que corre por fora e é ela que precisa se apresentar aos EUA, mesmo após três anos e meio no segundo cargo mais importante do país. — Nada está claro para mim, e estou realmente tentando acompanhar — disse Gerald Mayes, eleitor indeciso do estado de Nevada, ao New York Times. — Quero saber como tudo isso impacta minha família financeiramente. Nas próximas semanas, Kamala Harris e seu companheiro de chapa, o governador de Minnesota, Tim Walz, se lançarão em uma maratona de comícios, reuniões e eventos públicos para se apresentar aos eleitores dos estados-chave. A vice-presidente quer impulsionar sua agenda em temas como a defesa do direito ao aborto e na defesa da democracia, campos seguros para sua campanha, e também sobre a economia e a imigração, buscando uma distância confortável do questionado legado de Joe Biden. Kamala anunciou, minutos após o fim do debate, que quer enfrentar Trump mais uma vez. Em mensagem de e-mail, a campanha afirmou que “o povo americano pôde ver a escolha que enfrentará neste outono nas urnas, entre seguir em frente com Kamala Harris ou voltar atrás com Trump”, e que, por isso, ambos precisam se enfrentar novamente em outubro. Trump, afirmando que venceu o debate, disse que “vai pensar” no assunto. Antes da desistência de Biden, era o republicano que defendia a realização de discussões entre os candidatos à Casa Branca. Ele criticou o formato do programa, e em um arroubo pouco democrático disse que, caso eleito, “revogaria” a licença de operação da ABC. — Foi um acordo fraudado, como eu presumi que seria, porque quando você olha para o fato, eles estavam corrigindo tudo [que Trump dizia] e não a corrigindo [Kamala] — disse Trump à CNN, na terça-feira, insatisfeito com as correções feitas pelos moderadores a algumas das inverdades ditas por ele ao longo das quase duas horas de programa. Uma nova recusa poderia estar ligada à pouca disposição republicana para correr riscos, como um deslize mais grave diante das câmeras, ainda mais com um Trump nada afeito a treinamentos para debates. — Se você não der ouvidos aos conselhos de pessoas especializadas em certas áreas sobre discursos, sobre o que as pessoas realmente pensam em termos do seu legado, quando você não der ouvidos aos conselhos de especialistas em política, você provavelmente entrará em águas perigosas — alertou o senador republicano Thom Tillis, que considerou que Trump caiu nas armadilhas de Kamala Harris. E além dos fatores circunstanciais de uma eleição peculiar, a história não permite tanto entusiasmo com debates presidenciais. Em 2016, o desempenho da então candidata democrata, Hillary Clinton, foi considerado “devastador” para a campanha de Trump, e analistas chegaram a cravar que aquele era um sinal de que ela venceria sem dificuldades em novembro. O resultado foi bem diferente. Quatro anos antes, em 2012, pesquisas deram a vitória, por grande margem, ao republicano Mitt Romney no primeiro debate contra o então presidente, Barack Obama. Nas urnas, o democrata recebeu mais um mandato de forma contundente. E sem questionamentos."
